{
	"credit": "Made with Blockbench",
	"textures": {
		"2": "item/booktext",
		"3": "item/hangs",
		"4": "item/pages",
		"particle": "item/pages"
	},
	"elements": [
		{
			"from": [4, -1, 6],
			"to": [17, 10, 7],
			"rotation": {"angle": 45, "axis": "z", "origin": [4, 3, 6]},
			"faces": {
				"north": {"uv": [3.25, 0, 6.5, 2.75], "texture": "#2"},
				"east": {"uv": [3.25, 6.5, 3.5, 9.25], "texture": "#2"},
				"south": {"uv": [3.25, 2.75, 6.5, 5.5], "texture": "#2"},
				"west": {"uv": [3.5, 6.5, 3.75, 9.25], "texture": "#2"},
				"up": {"uv": [3.25, 6.5, 0, 6.25], "texture": "#2"},
				"down": {"uv": [6.5, 6.25, 3.25, 6.5], "texture": "#2"}
			}
		},
		{
			"from": [4.2, -0.8, 7],
			"to": [16.8, 9.7, 9],
			"rotation": {"angle": 45, "axis": "z", "origin": [4, 3, 8]},
			"faces": {
				"north": {"uv": [0, 0, 6.25, 5.25], "texture": "#4"},
				"east": {"uv": [6.5, 2, 7.5, 7.25], "texture": "#4"},
				"south": {"uv": [0, 5.5, 6.25, 10.75], "texture": "#4"},
				"west": {"uv": [7.5, 2, 8.5, 7.25], "texture": "#4"},
				"up": {"uv": [12.75, 1, 6.5, 0], "texture": "#4"},
				"down": {"uv": [12.75, 1, 6.5, 2], "texture": "#4"}
			}
		},
		{
			"from": [4, -1.6, 7],
			"to": [17, -0.8, 9],
			"rotation": {"angle": 45, "axis": "z", "origin": [4, 3, 8]},
			"faces": {
				"north": {"uv": [0, 6.5, 3.25, 6.75], "texture": "#2"},
				"east": {"uv": [3.75, 6.5, 4.25, 6.75], "texture": "#2"},
				"south": {"uv": [6.5, 0, 9.75, 0.25], "texture": "#2"},
				"west": {"uv": [4.25, 6.5, 4.75, 6.75], "texture": "#2"},
				"up": {"uv": [3.25, 6, 0, 5.5], "texture": "#2"},
				"down": {"uv": [6.5, 5.5, 3.25, 6], "texture": "#2"}
			}
		},
		{
			"from": [4, -1, 9],
			"to": [17, 10, 10],
			"rotation": {"angle": 45, "axis": "z", "origin": [4, 3, 8]},
			"faces": {
				"north": {"uv": [0, 0, 3.25, 2.75], "texture": "#2"},
				"east": {"uv": [6.5, 0.25, 6.75, 3], "texture": "#2"},
				"south": {"uv": [0, 2.75, 3.25, 5.5], "texture": "#2"},
				"west": {"uv": [6.5, 3, 6.75, 5.75], "texture": "#2"},
				"up": {"uv": [3.25, 6.25, 0, 6], "texture": "#2"},
				"down": {"uv": [6.5, 6, 3.25, 6.25], "texture": "#2"}
			}
		},
		{
			"from": [4.2, 9.7, 8.2],
			"to": [16, 10.1, 8.2],
			"rotation": {"angle": 45, "axis": "z", "origin": [4, 3, 9.2]},
			"faces": {
				"north": {"uv": [0, 4, 12, 5], "texture": "#3"},
				"east": {"uv": [0, 0, 0, 0.5], "texture": "#3"},
				"south": {"uv": [0, 4, 12, 5], "texture": "#3"},
				"west": {"uv": [0, 0, 0, 0.5], "texture": "#missing"},
				"up": {"uv": [12, 0, 0, 0], "texture": "#missing"},
				"down": {"uv": [12, 0, 0, 0], "texture": "#missing"}
			}
		},
		{
			"from": [4.2, 9.7, 7.7],
			"to": [16.8, 10.1, 7.7],
			"rotation": {"angle": 45, "axis": "z", "origin": [4, 3, 8.7]},
			"faces": {
				"north": {"uv": [0, 0, 12.5, 1], "texture": "#3"},
				"east": {"uv": [0, 0, 0, 0.5], "texture": "#3"},
				"south": {"uv": [0, 0, 12.5, 1], "texture": "#3"},
				"west": {"uv": [0, 0, 0, 0.5], "texture": "#missing"},
				"up": {"uv": [12.5, 0, 0, 0], "texture": "#missing"},
				"down": {"uv": [12.5, 0, 0, 0], "texture": "#missing"}
			}
		},
		{
			"from": [5.2, 9.5, 8.7],
			"to": [9.8, 10.1, 8.7],
			"rotation": {"angle": 45, "axis": "z", "origin": [4, 3, 9.7]},
			"faces": {
				"north": {"uv": [0, 4, 4.5, 5], "texture": "#3"},
				"east": {"uv": [0, 0, 0, 0.5], "texture": "#3"},
				"south": {"uv": [0, 4, 4.5, 5], "texture": "#3"},
				"west": {"uv": [0, 0, 0, 0.5], "texture": "#missing"},
				"up": {"uv": [4.5, 0, 0, 0], "texture": "#missing"},
				"down": {"uv": [4.5, 0, 0, 0], "texture": "#missing"}
			}
		}
	],
	"display": {
		"thirdperson_righthand": {
			"rotation": [-17.5, -90, 0],
			"translation": [0, 1.5, -0.25],
			"scale": [0.5, 0.5, 0.5]
		},
		"thirdperson_lefthand": {
			"rotation": [-17.5, 90, 0],
			"translation": [0, 1.5, -0.25],
			"scale": [0.6, 0.6, 0.6]
		},
		"firstperson_righthand": {
			"rotation": [0, 25, 0],
			"translation": [1.5, 3.5, 0],
			"scale": [0.7, 0.7, 0.7]
		},
		"firstperson_lefthand": {
			"rotation": [0, -150, 0],
			"translation": [2.25, 3.5, 0],
			"scale": [0.7, 0.7, 0.7]
		},
		"ground": {
			"translation": [0, 5, 0]
		},
		"gui": {
			"rotation": [-61, 0, 0],
			"translation": [0.25, 0, 0],
			"scale": [0.8, 0.8, 0.8]
		}
	}
}