{
	"credit": "Made with Blockbench",
	"textures": {
		"lights": "block/server_block/repeating_conditional/server_lights",
		"particle": "block/server_block/repeating_conditional/case",
		"case": "block/server_block/repeating_conditional/case",
		"server": "block/server_block/repeating_conditional/server"
	},
	"elements": [
		{
			"name": "case_side",
			"from": [15, 0, 0],
			"to": [16, 16, 16],
			"faces": {
				"north": {"uv": [6.4, 9.6, 9.6, 9.8], "rotation": 90, "texture": "#case"},
				"east": {"uv": [6.4, 6.4, 9.6, 9.6], "texture": "#case"},
				"west": {"uv": [9.6, 6.4, 6.4, 9.6], "texture": "#case"}
			}
		},
		{
			"name": "case_side",
			"from": [0, 0, 0],
			"to": [1, 16, 16],
			"faces": {
				"north": {"uv": [0, 9.6, 3.2, 9.8], "rotation": 90, "texture": "#case"},
				"east": {"uv": [3.2, 6.4, 0, 9.6], "texture": "#case"},
				"west": {"uv": [0, 6.4, 3.2, 9.6], "texture": "#case"}
			}
		},
		{
			"name": "case_back",
			"from": [0, 0, 15],
			"to": [16, 16, 16],
			"faces": {
				"north": {"uv": [3.2, 3.2, 6.4, 6.4], "texture": "#case"},
				"south": {"uv": [3.2, 3.2, 6.4, 6.4], "texture": "#case"}
			}
		},
		{
			"name": "case_top",
			"from": [0, 16.01, 0],
			"to": [16, 16.01, 16],
			"faces": {
				"up": {"uv": [6.4, 3.2, 3.2, 0], "texture": "#case"},
				"down": {"uv": [6.4, 0, 3.2, 3.2], "texture": "#case"}
			}
		},
		{
			"name": "case_bottom",
			"from": [0, 0, 0],
			"to": [16, 1, 16],
			"faces": {
				"north": {"uv": [3.2, 9.6, 6.4, 9.8], "texture": "#case"},
				"up": {"uv": [3.2, 9.6, 6.4, 6.4], "texture": "#case"},
				"down": {"uv": [6.4, 6.4, 3.2, 9.6], "texture": "#case"}
			}
		},
		{
			"name": "case_shelf",
			"from": [1, 12, 0],
			"to": [15, 13, 15],
			"rotation": {"angle": 0, "axis": "x", "origin": [0, 12, 0]},
			"faces": {
				"north": {"uv": [3.4, 10.2, 6.2, 10.4], "texture": "#case"},
				"up": {"uv": [6.2, 9.6, 3.4, 6.6], "texture": "#case"},
				"down": {"uv": [6.2, 6.6, 3.4, 9.6], "texture": "#case"}
			}
		},
		{
			"name": "case_shelf",
			"from": [1, 8, 0],
			"to": [15, 9, 15],
			"rotation": {"angle": 0, "axis": "x", "origin": [0, 8, 0]},
			"faces": {
				"north": {"uv": [3.4, 10, 6.2, 10.2], "texture": "#case"},
				"up": {"uv": [3.4, 9.6, 6.2, 6.6], "texture": "#case"},
				"down": {"uv": [6.2, 6.6, 3.4, 9.6], "texture": "#case"}
			}
		},
		{
			"name": "case_shelf",
			"from": [1, 4, 0],
			"to": [15, 5, 15],
			"rotation": {"angle": 0, "axis": "x", "origin": [0, 4, 0]},
			"faces": {
				"north": {"uv": [3.4, 9.8, 6.2, 10], "texture": "#case"},
				"up": {"uv": [6.2, 9.6, 3.4, 6.6], "texture": "#case"},
				"down": {"uv": [6.2, 6.6, 3.4, 9.6], "texture": "#case"}
			}
		},
		{
			"name": "server",
			"from": [1, 13, -0.5],
			"to": [15, 16, 15.5],
			"rotation": {"angle": 0, "axis": "y", "origin": [8, 14, 15.5]},
			"faces": {
				"north": {"uv": [1, 4, 15, 7], "texture": "#lights"},
				"east": {"uv": [0, 2.18182, 2.82353, 13.81818], "rotation": 90, "texture": "#server"},
				"south": {"uv": [2.82353, 13.81818, 16, 16], "texture": "#server"},
				"west": {"uv": [0, 2.18182, 2.82353, 13.81818], "rotation": 90, "texture": "#server"},
				"up": {"uv": [16, 13.81818, 2.82353, 2.18182], "texture": "#server"},
				"down": {"uv": [16, 2.18182, 2.82353, 13.81818], "texture": "#server"}
			}
		},
		{
			"name": "server",
			"from": [1, 9, -0.5],
			"to": [15, 12, 15.5],
			"rotation": {"angle": 0, "axis": "y", "origin": [8, 10, 15.5]},
			"faces": {
				"north": {"uv": [1, 0, 15, 3], "texture": "#lights"},
				"east": {"uv": [0, 2.18182, 2.82353, 13.81818], "rotation": 90, "texture": "#server"},
				"south": {"uv": [2.82353, 13.81818, 16, 16], "texture": "#server"},
				"west": {"uv": [0, 2.18182, 2.82353, 13.81818], "rotation": 90, "texture": "#server"},
				"up": {"uv": [16, 13.81818, 2.82353, 2.18182], "texture": "#server"},
				"down": {"uv": [16, 2.18182, 2.82353, 13.81818], "texture": "#server"}
			}
		},
		{
			"name": "server",
			"from": [1, 5, -0.5],
			"to": [15, 8, 15.5],
			"rotation": {"angle": 0, "axis": "y", "origin": [8, 6, 15.5]},
			"faces": {
				"north": {"uv": [1, 8, 15, 11], "texture": "#lights"},
				"east": {"uv": [0, 2.18182, 2.82353, 13.81818], "rotation": 90, "texture": "#server"},
				"south": {"uv": [2.82353, 13.81818, 16, 16], "texture": "#server"},
				"west": {"uv": [0, 2.18182, 2.82353, 13.81818], "rotation": 90, "texture": "#server"},
				"up": {"uv": [16, 13.81818, 2.82353, 2.18182], "texture": "#server"},
				"down": {"uv": [16, 2.18182, 2.82353, 13.81818], "texture": "#server"}
			}
		},
		{
			"name": "server",
			"from": [1, 1, -0.5],
			"to": [15, 4, 15.5],
			"rotation": {"angle": 0, "axis": "y", "origin": [8, 2, 15.5]},
			"faces": {
				"north": {"uv": [1, 12, 15, 15], "texture": "#lights"},
				"east": {"uv": [0, 2.18182, 2.82353, 13.81818], "rotation": 90, "texture": "#server"},
				"south": {"uv": [2.82353, 13.81818, 16, 16], "texture": "#server"},
				"west": {"uv": [0, 2.18182, 2.82353, 13.81818], "rotation": 90, "texture": "#server"},
				"up": {"uv": [16, 13.81818, 2.82353, 2.18182], "texture": "#server"},
				"down": {"uv": [16, 2.18182, 2.82353, 13.81818], "texture": "#server"}
			}
		}
	],
	"display": {
		"thirdperson_righthand": {
			"rotation": [75, 45, 0],
			"translation": [0, 2.5, 0],
			"scale": [0.375, 0.375, 0.375]
		},
		"thirdperson_lefthand": {
			"rotation": [75, 45, 0],
			"translation": [0, 2.5, 0],
			"scale": [0.375, 0.375, 0.375]
		},
		"firstperson_righthand": {
			"rotation": [0, 45, 0],
			"scale": [0.4, 0.4, 0.4]
		},
		"firstperson_lefthand": {
			"rotation": [0, 225, 0],
			"scale": [0.4, 0.4, 0.4]
		},
		"ground": {
			"translation": [0, 3, 0],
			"scale": [0.25, 0.25, 0.25]
		},
		"gui": {
			"rotation": [30, 225, 0],
			"scale": [0.625, 0.625, 0.625]
		},
		"fixed": {
			"scale": [0.5, 0.5, 0.5]
		}
	},
	"groups": [
		{
			"name": "case",
			"origin": [0, 0, 0],
			"color": 0,
			"children": [
				0,
				1,
				2,
				3,
				4,
				{
					"name": "shelves",
					"origin": [0, 3, 0],
					"color": 0,
					"children": [5, 6, 7]
				}
			]
		},
		{
			"name": "servers",
			"origin": [0, 0, 0],
			"color": 0,
			"children": [8, 9, 10, 11]
		}
	]
}